{
  "__type__": "cc.SpriteFrame",
  "content": {
    "name": "Background_BP_button_season3",
    "atlas": "",
    "rect": {
      "x": 1,
      "y": 0,
      "width": 807,
      "height": 210
    },
    "offset": {
      "x": -0.5,
      "y": 0
    },
    "originalSize": {
      "width": 810,
      "height": 210
    },
    "rotated": false,
    "capInsets": [
      0,
      0,
      0,
      0
    ],
    "vertices": {
      "rawPosition": [
        -403.5,
        -105,
        0,
        403.5,
        -105,
        0,
        -403.5,
        105,
        0,
        403.5,
        105,
        0
      ],
      "indexes": [
        0,
        1,
        2,
        2,
        1,
        3
      ],
      "uv": [
        1,
        210,
        808,
        210,
        1,
        0,
        808,
        0
      ],
      "nuv": [
        0.0012345679012345679,
        0,
        0.9975308641975309,
        0,
        0.0012345679012345679,
        1,
        0.9975308641975309,
        1
      ],
      "minPos": {
        "x": -403.5,
        "y": -105,
        "z": 0
      },
      "maxPos": {
        "x": 403.5,
        "y": 105,
        "z": 0
      }
    },
    "texture": "be4aafb6-0eb7-4aef-b498-3dfaec0b9788@6c48a",
    "packable": true,
    "pixelsToUnit": 100,
    "pivot": {
      "x": 0.5,
      "y": 0.5
    },
    "meshType": 0
  }
}