{
  "__type__": "cc.SpriteFrame",
  "content": {
    "name": "tiger",
    "atlas": "",
    "rect": {
      "x": 0,
      "y": 7,
      "width": 130,
      "height": 116
    },
    "offset": {
      "x": 0,
      "y": 0
    },
    "originalSize": {
      "width": 130,
      "height": 130
    },
    "rotated": false,
    "capInsets": [
      0,
      0,
      0,
      0
    ],
    "vertices": {
      "rawPosition": [
        -65,
        -58,
        0,
        65,
        -58,
        0,
        -65,
        58,
        0,
        65,
        58,
        0
      ],
      "indexes": [
        0,
        1,
        2,
        2,
        1,
        3
      ],
      "uv": [
        0,
        123,
        130,
        123,
        0,
        7,
        130,
        7
      ],
      "nuv": [
        0,
        0.05384615384615385,
        1,
        0.05384615384615385,
        0,
        0.9461538461538461,
        1,
        0.9461538461538461
      ],
      "minPos": {
        "x": -65,
        "y": -58,
        "z": 0
      },
      "maxPos": {
        "x": 65,
        "y": 58,
        "z": 0
      }
    },
    "texture": "29b3a428-3230-4554-96e1-759262b063c3@6c48a",
    "packable": true,
    "pixelsToUnit": 100,
    "pivot": {
      "x": 0.5,
      "y": 0.5
    },
    "meshType": 0
  }
}