{
  "__type__": "cc.SpriteFrame",
  "content": {
    "name": "gold_questico",
    "atlas": "",
    "rect": {
      "x": 7,
      "y": 13,
      "width": 107,
      "height": 108
    },
    "offset": {
      "x": -4,
      "y": -2.5
    },
    "originalSize": {
      "width": 129,
      "height": 129
    },
    "rotated": false,
    "capInsets": [
      0,
      0,
      0,
      0
    ],
    "vertices": {
      "rawPosition": [
        -53.5,
        -54,
        0,
        53.5,
        -54,
        0,
        -53.5,
        54,
        0,
        53.5,
        54,
        0
      ],
      "indexes": [
        0,
        1,
        2,
        2,
        1,
        3
      ],
      "uv": [
        7,
        116,
        114,
        116,
        7,
        8,
        114,
        8
      ],
      "nuv": [
        0.05426356589147287,
        0.06201550387596899,
        0.8837209302325582,
        0.06201550387596899,
        0.05426356589147287,
        0.8992248062015504,
        0.8837209302325582,
        0.8992248062015504
      ],
      "minPos": {
        "x": -53.5,
        "y": -54,
        "z": 0
      },
      "maxPos": {
        "x": 53.5,
        "y": 54,
        "z": 0
      }
    },
    "texture": "773bcf7b-259d-47fd-9179-10d3c713b189@6c48a",
    "packable": true,
    "pixelsToUnit": 100,
    "pivot": {
      "x": 0.5,
      "y": 0.5
    },
    "meshType": 0
  }
}