{
  "__type__": "cc.SpriteFrame",
  "content": {
    "name": "PvP_questico",
    "atlas": "",
    "rect": {
      "x": 5,
      "y": 12,
      "width": 121,
      "height": 105
    },
    "offset": {
      "x": 1,
      "y": 0
    },
    "originalSize": {
      "width": 129,
      "height": 129
    },
    "rotated": false,
    "capInsets": [
      0,
      0,
      0,
      0
    ],
    "vertices": {
      "rawPosition": [
        -60.5,
        -52.5,
        0,
        60.5,
        -52.5,
        0,
        -60.5,
        52.5,
        0,
        60.5,
        52.5,
        0
      ],
      "indexes": [
        0,
        1,
        2,
        2,
        1,
        3
      ],
      "uv": [
        5,
        117,
        126,
        117,
        5,
        12,
        126,
        12
      ],
      "nuv": [
        0.03875968992248062,
        0.09302325581395349,
        0.9767441860465116,
        0.09302325581395349,
        0.03875968992248062,
        0.9069767441860465,
        0.9767441860465116,
        0.9069767441860465
      ],
      "minPos": {
        "x": -60.5,
        "y": -52.5,
        "z": 0
      },
      "maxPos": {
        "x": 60.5,
        "y": 52.5,
        "z": 0
      }
    },
    "texture": "fe305f80-7c87-4aa6-b5e0-8c5b66d71760@6c48a",
    "packable": true,
    "pixelsToUnit": 100,
    "pivot": {
      "x": 0.5,
      "y": 0.5
    },
    "meshType": 0
  }
}