{
  "__type__": "cc.SpriteFrame",
  "content": {
    "name": "AvatarMask",
    "atlas": "",
    "rect": {
      "x": 4,
      "y": 4,
      "width": 248,
      "height": 248
    },
    "offset": {
      "x": 0,
      "y": 0
    },
    "originalSize": {
      "width": 256,
      "height": 256
    },
    "rotated": false,
    "capInsets": [
      0,
      0,
      0,
      0
    ],
    "vertices": {
      "rawPosition": [
        -124,
        -124,
        0,
        124,
        -124,
        0,
        -124,
        124,
        0,
        124,
        124,
        0
      ],
      "indexes": [
        0,
        1,
        2,
        2,
        1,
        3
      ],
      "uv": [
        4,
        252,
        252,
        252,
        4,
        4,
        252,
        4
      ],
      "nuv": [
        0.015625,
        0.015625,
        0.984375,
        0.015625,
        0.015625,
        0.984375,
        0.984375,
        0.984375
      ],
      "minPos": {
        "x": -124,
        "y": -124,
        "z": 0
      },
      "maxPos": {
        "x": 124,
        "y": 124,
        "z": 0
      }
    },
    "texture": "8824314f-d4b0-4b8c-ad18-9aad3d574736@6c48a",
    "packable": true,
    "pixelsToUnit": 100,
    "pivot": {
      "x": 0.5,
      "y": 0.5
    },
    "meshType": 0
  }
}