{
  "__type__": "cc.SpriteFrame",
  "content": {
    "name": "Background_BP_button_season9",
    "atlas": "",
    "rect": {
      "x": 3,
      "y": 0,
      "width": 803,
      "height": 210
    },
    "offset": {
      "x": -0.5,
      "y": 0
    },
    "originalSize": {
      "width": 810,
      "height": 210
    },
    "rotated": false,
    "capInsets": [
      0,
      0,
      0,
      0
    ],
    "vertices": {
      "rawPosition": [
        -401.5,
        -105,
        0,
        401.5,
        -105,
        0,
        -401.5,
        105,
        0,
        401.5,
        105,
        0
      ],
      "indexes": [
        0,
        1,
        2,
        2,
        1,
        3
      ],
      "uv": [
        3,
        210,
        806,
        210,
        3,
        0,
        806,
        0
      ],
      "nuv": [
        0.003703703703703704,
        0,
        0.9950617283950617,
        0,
        0.003703703703703704,
        1,
        0.9950617283950617,
        1
      ],
      "minPos": {
        "x": -401.5,
        "y": -105,
        "z": 0
      },
      "maxPos": {
        "x": 401.5,
        "y": 105,
        "z": 0
      }
    },
    "texture": "9092a32a-727a-4820-a833-69c1aef5c756@6c48a",
    "packable": true,
    "pixelsToUnit": 100,
    "pivot": {
      "x": 0.5,
      "y": 0.5
    },
    "meshType": 0
  }
}